{
    "name": "root",
    "gauges": {
        "Drive.Policy.Entropy.mean": {
            "value": 2.2444705963134766,
            "min": 2.1301279067993164,
            "max": 2.2444705963134766,
            "count": 24
        },
        "Drive.Policy.Entropy.sum": {
            "value": 135386.46875,
            "min": 127542.609375,
            "max": 135386.46875,
            "count": 24
        },
        "Drive.Step.mean": {
            "value": 1439936.0,
            "min": 59968.0,
            "max": 1439936.0,
            "count": 24
        },
        "Drive.Step.sum": {
            "value": 1439936.0,
            "min": 59968.0,
            "max": 1439936.0,
            "count": 24
        },
        "Drive.Policy.ExtrinsicValueEstimate.mean": {
            "value": -1.5185657739639282,
            "min": -1.5568156242370605,
            "max": -0.4704936444759369,
            "count": 24
        },
        "Drive.Policy.ExtrinsicValueEstimate.sum": {
            "value": -1450.2303466796875,
            "min": -1458.7362060546875,
            "max": -441.3230285644531,
            "count": 24
        },
        "Drive.Losses.PolicyLoss.mean": {
            "value": 0.02273171818155485,
            "min": 0.021674148847444237,
            "max": 0.026665949345703915,
            "count": 24
        },
        "Drive.Losses.PolicyLoss.sum": {
            "value": 0.11365859090777425,
            "min": 0.10837074423722119,
            "max": 0.1519248295355889,
            "count": 24
        },
        "Drive.Losses.ValueLoss.mean": {
            "value": 0.029581599188121876,
            "min": 0.002086808355031253,
            "max": 0.04799094935032454,
            "count": 24
        },
        "Drive.Losses.ValueLoss.sum": {
            "value": 0.14790799594060938,
            "min": 0.010434041775156265,
            "max": 0.2399547467516227,
            "count": 24
        },
        "Drive.Policy.LearningRate.mean": {
            "value": 0.000291521858826048,
            "min": 0.000291521858826048,
            "max": 0.00029979264006911994,
            "count": 24
        },
        "Drive.Policy.LearningRate.sum": {
            "value": 0.0014576092941302398,
            "min": 0.0014576092941302398,
            "max": 0.00179239488253504,
            "count": 24
        },
        "Drive.Policy.Epsilon.mean": {
            "value": 0.197173952,
            "min": 0.197173952,
            "max": 0.19993088,
            "count": 24
        },
        "Drive.Policy.Epsilon.sum": {
            "value": 0.98586976,
            "min": 0.98586976,
            "max": 1.19746496,
            "count": 24
        },
        "Drive.Policy.Beta.mean": {
            "value": 0.0048589802048000005,
            "min": 0.0048589802048000005,
            "max": 0.0049965509120000005,
            "count": 24
        },
        "Drive.Policy.Beta.sum": {
            "value": 0.024294901024,
            "min": 0.024294901024,
            "max": 0.029873501504000005,
            "count": 24
        },
        "Drive.IsTraining.mean": {
            "value": 1.0,
            "min": 1.0,
            "max": 1.0,
            "count": 24
        },
        "Drive.IsTraining.sum": {
            "value": 1.0,
            "min": 1.0,
            "max": 1.0,
            "count": 24
        },
        "Drive.Environment.EpisodeLength.mean": {
            "value": 4999.0,
            "min": 4999.0,
            "max": 4999.0,
            "count": 14
        },
        "Drive.Environment.EpisodeLength.sum": {
            "value": 99980.0,
            "min": 99980.0,
            "max": 99980.0,
            "count": 14
        },
        "Drive.Environment.CumulativeReward.mean": {
            "value": -87.02780953873007,
            "min": -87.02780953873007,
            "max": -24.353101328143385,
            "count": 18
        },
        "Drive.Environment.CumulativeReward.sum": {
            "value": -1740.5561907746014,
            "min": -1740.5561907746014,
            "max": -25.979619106277823,
            "count": 18
        },
        "Drive.Policy.ExtrinsicReward.mean": {
            "value": -87.02780953873007,
            "min": -87.02780953873007,
            "max": -24.353101328143385,
            "count": 18
        },
        "Drive.Policy.ExtrinsicReward.sum": {
            "value": -1740.5561907746014,
            "min": -1740.5561907746014,
            "max": -25.979619106277823,
            "count": 18
        }
    },
    "metadata": {
        "timer_format_version": "0.1.0",
        "start_time_seconds": "1685657852",
        "python_version": "3.9.13 (tags/v3.9.13:6de2ca5, May 17 2022, 16:36:42) [MSC v.1929 64 bit (AMD64)]",
        "command_line_arguments": "D:\\Unity\\ML-self-driving-car\\ML self-driving car\\venv\\Scripts\\mlagents-learn config\\Drive.yaml --initialize-from=DriveTest01 --force",
        "mlagents_version": "0.30.0",
        "mlagents_envs_version": "0.30.0",
        "communication_protocol_version": "1.5.0",
        "pytorch_version": "2.0.1+cpu",
        "numpy_version": "1.21.2",
        "end_time_seconds": "1685659101"
    },
    "total": 1249.1850958,
    "count": 1,
    "self": 0.005500200000142286,
    "children": {
        "run_training.setup": {
            "total": 0.13805789999999973,
            "count": 1,
            "self": 0.13805789999999973
        },
        "TrainerController.start_learning": {
            "total": 1249.0415377,
            "count": 1,
            "self": 1.524545700005092,
            "children": {
                "TrainerController._reset_env": {
                    "total": 12.2910623,
                    "count": 1,
                    "self": 12.2910623
                },
                "TrainerController.advance": {
                    "total": 1235.1606593999945,
                    "count": 72667,
                    "self": 1.2904393000196706,
                    "children": {
                        "env_step": {
                            "total": 817.9868430999777,
                            "count": 72667,
                            "self": 709.7403266999585,
                            "children": {
                                "SubprocessEnvManager._take_step": {
                                    "total": 107.29385250002574,
                                    "count": 72667,
                                    "self": 5.073572700016726,
                                    "children": {
                                        "TorchPolicy.evaluate": {
                                            "total": 102.22027980000901,
                                            "count": 72667,
                                            "self": 102.22027980000901
                                        }
                                    }
                                },
                                "workers": {
                                    "total": 0.9526638999934711,
                                    "count": 72666,
                                    "self": 0.0,
                                    "children": {
                                        "worker_root": {
                                            "total": 1231.9215995999973,
                                            "count": 72666,
                                            "is_parallel": true,
                                            "self": 633.4941666000068,
                                            "children": {
                                                "steps_from_proto": {
                                                    "total": 0.0010446999999995654,
                                                    "count": 1,
                                                    "is_parallel": true,
                                                    "self": 0.00025980000000203063,