{
    "name": "root",
    "metadata": {
        "timer_format_version": "0.1.0",
        "start_time_seconds": "1685573379",
        "python_version": "3.9.13 (tags/v3.9.13:6de2ca5, May 17 2022, 16:36:42) [MSC v.1929 64 bit (AMD64)]",
        "command_line_arguments": "D:\\Unity\\ML-self-driving-car\\ML self-driving car\\venv\\Scripts\\mlagents-learn --force",
        "mlagents_version": "0.30.0",
        "mlagents_envs_version": "0.30.0",
        "communication_protocol_version": "1.5.0",
        "pytorch_version": "2.0.1+cpu",
        "numpy_version": "1.21.2",
        "end_time_seconds": "1685573583"
    },
    "total": 203.70846880000002,
    "count": 1,
    "self": 0.005872200000027306,
    "children": {
        "run_training.setup": {
            "total": 0.038108300000000206,
            "count": 1,
            "self": 0.038108300000000206
        },
        "TrainerController.start_learning": {
            "total": 203.6644883,
            "count": 1,
            "self": 0.43543030000051886,
            "children": {
                "TrainerController._reset_env": {
                    "total": 9.846679900000002,
                    "count": 1,
                    "self": 9.846679900000002
                },
                "TrainerController.advance": {
                    "total": 193.20141599999948,
                    "count": 22684,
                    "self": 0.34516869999995947,
                    "children": {
                        "env_step": {
                            "total": 185.52944610000043,
                            "count": 22684,
                            "self": 156.94167790000216,
                            "children": {
                                "SubprocessEnvManager._take_step": {
                                    "total": 28.309048699999106,
                                    "count": 22684,
                                    "self": 1.332510899998443,
                                    "children": {
                                        "TorchPolicy.evaluate": {
                                            "total": 26.976537800000663,
                                            "count": 22684,
                                            "self": 26.976537800000663
                                        }
                                    }
                                },
                                "workers": {
                                    "total": 0.27871949999917156,
                                    "count": 22683,
                                    "self": 0.0,
                                    "children": {
                                        "worker_root": {
                                            "total": 129.8982602999995,
                                            "count": 22683,
                                            "is_parallel": true,
                                            "self": 58.475225199997666,
                                            "children": {
                                                "steps_from_proto": {
                                                    "total": 0.0006796000000015567,
                                                    "count": 1,
                                                    "is_parallel": true,
                                                    "self": 0.0002990000000018256,
                                                    "children": {
                                                        "_process_rank_one_or_two_observation": {
                                                            "total": 0.00038059999999973115,
                                                            "count": 4,
                                                            "is_parallel": true,
                                                            "self": 0.00038059999999973115
                                                        }
                                                    }
                                                },
                                                "UnityEnvironment.step": {
                                                    "total": 71.42235550000183,
                                                    "count": 22683,
                                                    "is_parallel": true,
                                                    "self": 2.1750642999993346,
                                                    "children": {
                                                        "UnityEnvironment._generate_step_input": {
                                                            "total": 2.021767600000004,
                                                            "count": 22683,
                                                            "is_parallel": true,
                                                            "self": 2.021767600000004
                                                        },
                                                        "communicator.exchange": {
                                                            "total": 59.69745420000231,
                                                            "count": 22683,
                                                            "is_parallel": true,
                                                            "self": 59.69745420000231
                                                        },
                                                        "steps_from_proto": {
                                                            "total": 7.5280694000001755,
                                                            "count": 22683,
                                                            "is_parallel": true,
                                                            "self": 3.5912852000029627,
                                                            "children": {
                                                                "_process_rank_one_or_two_observation": {
                                                                    "total": 3.936784199997213,
                                                                    "count": 90732,
                                                                    "is_parallel": true,
                                                                    "self": 3.936784199997213
                                                                }
                                                            }
                                                        }
                                                    }
                                                }
                                            }
                                        }
                                    }
                                }
                            }
                        },
                        "trainer_advance": {
                            "total": 7.326801199999101,
                            "count": 22683,
                            "self": 0.565821600000298,
                            "children": {
                                "process_trajectory": {
                                    "total": 1.8413279999987946,
                                    "count": 22683,
                                    "self": 1.8413279999987946
                                },
                                "_update_policy": {
                                    "total": 4.919651600000009,
                                    "count": 2,
                                    "self": 2.8719834999999563,
                                    "children": {
                                        "TorchPPOOptimizer.update": {
                                            "total": 2.0476681000000525,
                                            "count": 60,